date,dining_Halal menu optionl,meal_period,dish_name,Tag1,Tag2,Tag3,Tag4,Tag5,,,,,,
"March 8, 2024",BRUIN PLATE,Breakfast,Malt-O-Meal,Vegetarianegan,Contains Wheat,Contains Gluten,Contains soy,Low Carbon Footprint,,,,,,
"March 8, 2024",BRUIN PLATE,Breakfast,Oatmeal,Vegetarianegan,Contains Gluten,Low Carbon Footprint,,,,,,,,
"March 8, 2024",BRUIN PLATE,Breakfast,Bruin Scramble w/ Ground Turkey,Contains Peanut,Contains tree nuts,Contains Wheat,Contains Gluten,Contains soy,Contains sesame,Contains dairy,Contains egg,Contains shellfish,Contains fish,Contains alcohol
"March 8, 2024",BRUIN PLATE,Breakfast,Bruin Scramble (Vegetarianegetarian),Vegetarian,Contains dairy,Contains egg,Low Carbon Footprint,,,,,,,
"March 8, 2024",BRUIN PLATE,Breakfast,Chicken & Egg Breakfast Pita,Contains Wheat,Contains Gluten,Contains soy,Contains egg,,,,,,,
"March 8, 2024",BRUIN PLATE,Breakfast,Scrambled Egg Whites,Vegetarian,Contains egg,Low Carbon Footprint,,,,,,,,
"March 8, 2024",BRUIN PLATE,Breakfast,Scrambled Eggs,Vegetarian,Contains egg,Low Carbon Footprint,,,,,,,,
"March 8, 2024",BRUIN PLATE,Breakfast,Vegetarianegan Scrambled Eggs,Vegetarianegan,Contains soy,Low Carbon Footprint,,,,,,,,
"March 8, 2024",BRUIN PLATE,Breakfast,"w/
                                    Roasted Red Breakfast Potato Wedges",Vegetarianegan,Low Carbon Footprint,,,,,,,,,
"March 8, 2024",BRUIN PLATE,Breakfast,Four Grain Waffles,Vegetarian,Contains Wheat,Contains Gluten,Contains dairy,Contains egg,Low Carbon Footprint,,,,,
"March 8, 2024",BRUIN PLATE,Breakfast,Waffle,Vegetarian,Contains Wheat,Contains Gluten,Contains soy,Contains dairy,Contains egg,,,,,
"March 8, 2024",BRUIN PLATE,Breakfast,"w/
                                    Blueberry Compote",Vegetarianegan,Low Carbon Footprint,,,,,,,,,
"March 8, 2024",BRUIN PLATE,Breakfast,"&
                                    Maple Syrup",Vegetarianegan,Low Carbon Footprint,,,,,,,,,
"March 8, 2024",BRUIN PLATE,Breakfast,Whole Wheat Crepe,Vegetarian,Contains Wheat,Contains Gluten,Contains dairy,Contains egg,,,,,,
"March 8, 2024",BRUIN PLATE,Breakfast,Blood Oranges,Vegetarianegan,Low Carbon Footprint,,,,,,,,,
"March 8, 2024",BRUIN PLATE,Breakfast,Cantaloupe,Vegetarianegan,Low Carbon Footprint,,,,,,,,,
"March 8, 2024",BRUIN PLATE,Breakfast,Cara Cara Orange,,,,,,,,,,,
"March 8, 2024",BRUIN PLATE,Breakfast,Grapefruit,Vegetarianegan,Low Carbon Footprint,,,,,,,,,
"March 8, 2024",BRUIN PLATE,Breakfast,Green Grapes,Vegetarianegan,Low Carbon Footprint,,,,,,,,,
"March 8, 2024",BRUIN PLATE,Breakfast,Kiwi,Vegetarianegan,Low Carbon Footprint,,,,,,,,,
"March 8, 2024",BRUIN PLATE,Breakfast,Pineapple,Vegetarianegan,Low Carbon Footprint,,,,,,,,,
"March 8, 2024",BRUIN PLATE,Breakfast,Red Grapes,Vegetarianegan,Low Carbon Footprint,,,,,,,,,
"March 8, 2024",BRUIN PLATE,Breakfast,Lemon Poppy Bread,Vegetarian,Contains Wheat,Contains Gluten,Contains soy,Contains dairy,Contains egg,,,,,
"March 8, 2024",BRUIN PLATE,Breakfast,Multi-Grain Bread,Contains Wheat,Contains Gluten,Contains dairy,,,,,,,,
"March 8, 2024",BRUIN PLATE,Breakfast,Raisin Walnut Bread,Vegetarianegan,Contains tree nuts,Contains Wheat,Contains Gluten,Low Carbon Footprint,,,,,,
"March 8, 2024",BRUIN PLATE,Breakfast,Vegetarianegan Chocolate Loaf,Vegetarianegan,Contains Peanut,Contains tree nuts,Contains Wheat,Contains Gluten,Contains soy,Contains sesame,Contains dairy,Contains egg,AALow Carbon Footprint,Low Carbon Footprint
"March 8, 2024",BRUIN PLATE,Breakfast,Whole Wheat Sourdough Bread,Vegetarian,Contains Wheat,Contains Gluten,,,,,,,,
"March 8, 2024",BRUIN PLATE,Breakfast,Almond Cashew Butter,Vegetarianegan,Contains tree nuts,Low Carbon Footprint,,,,,,,,
"March 8, 2024",BRUIN PLATE,Breakfast,Cacao Butter,Vegetarianegan,Contains Peanut,Contains tree nuts,Contains Wheat,Contains Gluten,Contains soy,Contains sesame,Contains dairy,Contains egg,Halal menu option,Low Carbon Footprint
"March 8, 2024",BRUIN PLATE,Breakfast,Cilantro Lime Marmalade,Vegetarianegan,Low Carbon Footprint,,,,,,,,,
"March 8, 2024",BRUIN PLATE,Breakfast,Peanut Butter,Vegetarianegan,Contains Peanut,Contains tree nuts,Contains Wheat,Contains Gluten,Contains soy,Contains dairy,,,,
"March 8, 2024",BRUIN PLATE,Breakfast,Blueberries,Vegetarianegan,Low Carbon Footprint,,,,,,,,,
"March 8, 2024",BRUIN PLATE,Breakfast,Cottage Cheese,Vegetarian,Contains dairy,,,,,,,,,
"March 8, 2024",BRUIN PLATE,Breakfast,Granola,Vegetarian,Contains Wheat,Contains Gluten,Contains soy,,,,,,,
"March 8, 2024",BRUIN PLATE,Breakfast,Green Grapes,Vegetarianegan,Low Carbon Footprint,,,,,,,,,
"March 8, 2024",BRUIN PLATE,Breakfast,Lowfat Greek Yogurt,Vegetarian,Contains dairy,,,,,,,,,
"March 8, 2024",BRUIN PLATE,Breakfast,Mango,Vegetarianegan,Low Carbon Footprint,,,,,,,,,
"March 8, 2024",BRUIN PLATE,Breakfast,Strawberry Yogurt,Vegetarian,Contains dairy,,,,,,,,,
"March 8, 2024",BRUIN PLATE,Breakfast,Vegetarianegan Coconut Yogurt,Vegetarianegan,Contains tree nuts,Low Carbon Footprint,,,,,,,,
"March 8, 2024",BRUIN PLATE,Breakfast,Beet & Hibiscus Water,Vegetarianegan,Low Carbon Footprint,,,,,,,,,
"March 8, 2024",BRUIN PLATE,Lunch,Corn & Leek Soup,Vegetarianegan,Contains Wheat,Contains Gluten,Low Carbon Footprint,,,,,,,
"March 8, 2024",BRUIN PLATE,Lunch,"Seafood, Leek & Tomato Chowder",Contains sesame,Contains dairy,Contains shellfish,Contains fish,Contains alcohol,,,,,,
"March 8, 2024",BRUIN PLATE,Lunch,"Shrimp, Quinoa, & Barley Jambalaya",Contains Gluten,Contains shellfish,,,,,,,,,
"March 8, 2024",BRUIN PLATE,Lunch,"Calypso Bean, Shell Pasta, & Arugula Saut√©",Vegetarian,Contains Wheat,Contains Gluten,Contains dairy,Low Carbon Footprint,,,,,,
"March 8, 2024",BRUIN PLATE,Lunch,"Beef, Beet, & Farro Salad Wrap",Contains Wheat,Contains Gluten,Contains soy,Contains sesame,Contains dairy,High Carbon Footprint,,,,,
"March 8, 2024",BRUIN PLATE,Lunch,Pan-Roasted Brussels Sprouts Quesadilla,Vegetarian,Contains Wheat,Contains Gluten,Contains soy,Contains dairy,Contains alcohol,,,,,
"March 8, 2024",BRUIN PLATE,Lunch,Brown Calrose Rice,Vegetarianegan,Low Carbon Footprint,,,,,,,,,
"March 8, 2024",BRUIN PLATE,Lunch,De La Olla Beans,Vegetarianegan,Low Carbon Footprint,,,,,,,,,
"March 8, 2024",BRUIN PLATE,Lunch,Wheat Berry,Vegetarianegan,Contains Wheat,Contains Gluten,Low Carbon Footprint,,,,,,,
"March 8, 2024",BRUIN PLATE,Lunch,Chinese Kale w/ FiVegetariane Spice,Vegetarianegan,Low Carbon Footprint,,,,,,,,,
"March 8, 2024",BRUIN PLATE,Lunch,Roasted Brussels Sprouts,Vegetarianegan,Low Carbon Footprint,,,,,,,,,
"March 8, 2024",BRUIN PLATE,Lunch,"Chicken, Dill, & Potato Flatbread",Contains Wheat,Contains Gluten,Contains soy,Contains dairy,Contains alcohol,,,,,,
"March 8, 2024",BRUIN PLATE,Lunch,"Rosemary, Gorgonzola, & Roasted Grape Flatbread",Vegetarian,Contains Wheat,Contains Gluten,Contains dairy,,,,,,,
"March 8, 2024",BRUIN PLATE,Lunch,Grilled Dijon Chicken Thigh,Contains alcohol,,,,,,,,,,
"March 8, 2024",BRUIN PLATE,Lunch,Mushroom Walnut Stacker,Vegetarianegan,Contains tree nuts,Low Carbon Footprint,,,,,,,,
"March 8, 2024",BRUIN PLATE,Lunch,Grilled Kennebec Potato,Vegetarianegan,Low Carbon Footprint,,,,,,,,,
"March 8, 2024",BRUIN PLATE,Lunch,Blood Oranges,Vegetarianegan,Low Carbon Footprint,,,,,,,,,
"March 8, 2024",BRUIN PLATE,Lunch,Cantaloupe,Vegetarianegan,Low Carbon Footprint,,,,,,,,,
"March 8, 2024",BRUIN PLATE,Lunch,Cara Cara Orange,,,,,,,,,,,
"March 8, 2024",BRUIN PLATE,Lunch,Green Grapes,Vegetarianegan,Low Carbon Footprint,,,,,,,,,
"March 8, 2024",BRUIN PLATE,Lunch,Kiwi,Vegetarianegan,Low Carbon Footprint,,,,,,,,,
"March 8, 2024",BRUIN PLATE,Lunch,Pineapple,Vegetarianegan,Low Carbon Footprint,,,,,,,,,
"March 8, 2024",BRUIN PLATE,Lunch,Red Grapes,Vegetarianegan,Low Carbon Footprint,,,,,,,,,
"March 8, 2024",BRUIN PLATE,Lunch,Apricot Almond Bar,Vegetarian,Contains Peanut,Contains tree nuts,Contains Wheat,Contains Gluten,Contains soy,Contains egg,,,,
"March 8, 2024",BRUIN PLATE,Lunch,Lemon Poppy Bread,Vegetarian,Contains Wheat,Contains Gluten,Contains soy,Contains dairy,Contains egg,,,,,
"March 8, 2024",BRUIN PLATE,Lunch,Multi-Grain Bread,Contains Wheat,Contains Gluten,Contains dairy,,,,,,,,
"March 8, 2024",BRUIN PLATE,Lunch,Raisin Walnut Bread,Vegetarianegan,Contains tree nuts,Contains Wheat,Contains Gluten,Low Carbon Footprint,,,,,,
"March 8, 2024",BRUIN PLATE,Lunch,Vegetarianegan Chocolate Loaf,Vegetarianegan,Contains Peanut,Contains tree nuts,Contains Wheat,Contains Gluten,Contains soy,Contains sesame,Contains dairy,Contains egg,Contains alcohol,Low Carbon Footprint
"March 8, 2024",BRUIN PLATE,Lunch,Whole Wheat Sourdough Bread,Vegetarian,Contains Wheat,Contains Gluten,,,,,,,,
"March 8, 2024",BRUIN PLATE,Lunch,Almond Cashew Butter,Vegetarianegan,Contains tree nuts,Low Carbon Footprint,,,,,,,,
"March 8, 2024",BRUIN PLATE,Lunch,Blueberry Compote,Vegetarianegan,Low Carbon Footprint,,,,,,,,,
"March 8, 2024",BRUIN PLATE,Lunch,Cacao Butter,Vegetarianegan,Contains Peanut,Contains tree nuts,Contains Wheat,Contains Gluten,Contains soy,Contains sesame,Contains dairy,Contains egg,Halal menu option,Low Carbon Footprint
"March 8, 2024",BRUIN PLATE,Lunch,Cilantro Lime Marmalade,Vegetarianegan,Low Carbon Footprint,,,,,,,,,
"March 8, 2024",BRUIN PLATE,Lunch,Peanut Butter,Vegetarianegan,Contains Peanut,Contains tree nuts,Contains Wheat,Contains Gluten,Contains soy,Contains dairy,,,,
"March 8, 2024",BRUIN PLATE,Lunch,Blueberries,Vegetarianegan,Low Carbon Footprint,,,,,,,,,
"March 8, 2024",BRUIN PLATE,Lunch,Granola,Vegetarian,Contains Wheat,Contains Gluten,Contains soy,,,,,,,
"March 8, 2024",BRUIN PLATE,Lunch,Lowfat Greek Yogurt,Vegetarian,Contains dairy,,,,,,,,,
"March 8, 2024",BRUIN PLATE,Lunch,Mango,Vegetarianegan,Low Carbon Footprint,,,,,,,,,
"March 8, 2024",BRUIN PLATE,Lunch,Vegetarianegan Coconut Yogurt,Vegetarianegan,Contains tree nuts,Low Carbon Footprint,,,,,,,,
"March 8, 2024",BRUIN PLATE,Lunch,Meal_period,Vegetarianegan,Low Carbon Footprint,,,,,,,,,
"March 8, 2024",BRUIN PLATE,Dinner,Corn & Leek Soup,Vegetarianegan,Contains Wheat,Contains Gluten,Low Carbon Footprint,,,,,,,
"March 8, 2024",BRUIN PLATE,Dinner,"Seafood, Leek & Tomato Chowder",Contains sesame,Contains dairy,Contains shellfish,Contains fish,Contains alcohol,,,,,,
"March 8, 2024",BRUIN PLATE,Dinner,"Chipotle Chicken, Brown Rice, & AVegetarianocado Bowl",Contains soy,Contains dairy,,,,,,,,,
"March 8, 2024",BRUIN PLATE,Dinner,"Potato, Kale, Brown Rice, & Red Bean Bowl",Vegetarianegan,Low Carbon Footprint,,,,,,,,,
"March 8, 2024",BRUIN PLATE,Dinner,Toasted Rice Trout w/ Coconut Curried Lentils,Contains tree nuts,Contains fish,,,,,,,,,
"March 8, 2024",BRUIN PLATE,Dinner,"w/
                                    Lemons",Vegetarianegan,Low Carbon Footprint,,,,,,,,,
"March 8, 2024",BRUIN PLATE,Dinner,Flageolet Bean Ragout,Vegetarianegan,Contains Wheat,Contains Gluten,Contains soy,Low Carbon Footprint,,,,,,
"March 8, 2024",BRUIN PLATE,Dinner,Brown Jasmine Rice,Vegetarianegan,Low Carbon Footprint,,,,,,,,,
"March 8, 2024",BRUIN PLATE,Dinner,De La Olla Beans,Vegetarianegan,Low Carbon Footprint,,,,,,,,,
"March 8, 2024",BRUIN PLATE,Dinner,Black Eyed Peas & Collard Greens,Vegetarianegan,Low Carbon Footprint,,,,,,,,,
"March 8, 2024",BRUIN PLATE,Dinner,Roasted Butternut Squash,Vegetarianegan,Low Carbon Footprint,,,,,,,,,
"March 8, 2024",BRUIN PLATE,Dinner,Classic Steakhouse Tri-Tip,Contains Wheat,Contains Gluten,Contains soy,Contains alcohol,High Carbon Footprint,,,,,,
"March 8, 2024",BRUIN PLATE,Dinner,Roasted Plantains,Vegetarianegan,Low Carbon Footprint,,,,,,,,,
"March 8, 2024",BRUIN PLATE,Dinner,Mashed Yams,Vegetarianegan,Low Carbon Footprint,,,,,,,,,
"March 8, 2024",BRUIN PLATE,Dinner,Blood Oranges,Vegetarianegan,Low Carbon Footprint,,,,,,,,,
"March 8, 2024",BRUIN PLATE,Dinner,Cantaloupe,Vegetarianegan,Low Carbon Footprint,,,,,,,,,
"March 8, 2024",BRUIN PLATE,Dinner,Cara Cara Orange,,,,,,,,,,,
"March 8, 2024",BRUIN PLATE,Dinner,Kiwi,Vegetarianegan,Low Carbon Footprint,,,,,,,,,
"March 8, 2024",BRUIN PLATE,Dinner,Pineapple,Vegetarianegan,Low Carbon Footprint,,,,,,,,,
"March 8, 2024",BRUIN PLATE,Dinner,Red Grapes,Vegetarianegan,Low Carbon Footprint,,,,,,,,,
"March 8, 2024",BRUIN PLATE,Dinner,Apricot Almond Bar,Vegetarian,Contains Peanut,Contains tree nuts,Contains Wheat,Contains Gluten,Contains soy,Contains egg,,,,
"March 8, 2024",BRUIN PLATE,Dinner,Lemon Poppy Bread,Vegetarian,Contains Wheat,Contains Gluten,Contains soy,Contains dairy,Contains egg,,,,,
"March 8, 2024",BRUIN PLATE,Dinner,Multi-Grain Bread,Contains Wheat,Contains Gluten,Contains dairy,,,,,,,,
"March 8, 2024",BRUIN PLATE,Dinner,Raisin Walnut Bread,Vegetarianegan,Contains tree nuts,Contains Wheat,Contains Gluten,Low Carbon Footprint,,,,,,
"March 8, 2024",BRUIN PLATE,Dinner,Red VegetarianelVegetarianet Torte w/ Champagne Mousse,Contains Peanut,Contains tree nuts,Contains Wheat,Contains Gluten,Contains soy,Contains sesame,Contains dairy,Contains egg,Contains alcohol,,
"March 8, 2024",BRUIN PLATE,Dinner,Vegetarianegan Chocolate Loaf,Vegetarianegan,Contains Peanut,Contains tree nuts,Contains Wheat,Contains Gluten,Contains soy,Contains sesame,Contains dairy,Contains egg,Contains alcohol,Low Carbon Footprint
"March 8, 2024",BRUIN PLATE,Dinner,Whole Wheat Sourdough Bread,Vegetarian,Contains Wheat,Contains Gluten,,,,,,,,
"March 8, 2024",BRUIN PLATE,Dinner,Almond Cashew Butter,Vegetarianegan,Contains tree nuts,Low Carbon Footprint,,,,,,,,
"March 8, 2024",BRUIN PLATE,Dinner,Blueberry Compote,Vegetarianegan,Low Carbon Footprint,,,,,,,,,
"March 8, 2024",BRUIN PLATE,Dinner,Cacao Butter,Vegetarianegan,Contains Peanut,Contains tree nuts,Contains Wheat,Contains Gluten,Contains soy,Contains sesame,Contains dairy,Contains egg,Halal menu option,Low Carbon Footprint
"March 8, 2024",BRUIN PLATE,Dinner,Cilantro Lime Marmalade,Vegetarianegan,Low Carbon Footprint,,,,,,,,,
"March 8, 2024",BRUIN PLATE,Dinner,Peanut Butter,Vegetarianegan,Contains Peanut,Contains tree nuts,Contains Wheat,Contains Gluten,Contains soy,Contains dairy,,,,
"March 8, 2024",BRUIN PLATE,Dinner,Blueberries,Vegetarianegan,Low Carbon Footprint,,,,,,,,,
"March 8, 2024",BRUIN PLATE,Dinner,Granola,Vegetarian,Contains Wheat,Contains Gluten,Contains soy,,,,,,,
"March 8, 2024",BRUIN PLATE,Dinner,Lowfat Greek Yogurt,Vegetarian,Contains dairy,,,,,,,,,
"March 8, 2024",BRUIN PLATE,Dinner,Mango,Vegetarianegan,Low Carbon Footprint,,,,,,,,,
"March 8, 2024",BRUIN PLATE,Dinner,Vegetarianegan Coconut Yogurt,Vegetarianegan,Contains tree nuts,Low Carbon Footprint,,,,,,,,
"March 8, 2024",BRUIN PLATE,Dinner,Cranberry Apple Water,Vegetarianegan,Low Carbon Footprint,,,,,,,,,
,,,,,,,,,,,,,,
"March 9, 2024",BRUIN PLATE,Breakfast,Cream of Rice,Vegetarianegan,Low Carbon Footprint,,,,,,,,,
"March 9, 2024",BRUIN PLATE,Breakfast,Oatmeal,Vegetarianegan,Contains Gluten,Low Carbon Footprint,,,,,,,,
"March 9, 2024",BRUIN PLATE,Breakfast,Bruin Scramble w/ Ground Turkey,Contains Peanut,Contains tree nuts,Contains Wheat,Contains Gluten,Contains soy,Contains sesame,Contains dairy,Contains egg,Contains shellfish,Contains fish,Contains alcohol
"March 9, 2024",BRUIN PLATE,Breakfast,Bruin Scramble (Vegetarianegetarian),Vegetarian,Contains dairy,Contains egg,Low Carbon Footprint,,,,,,,
"March 9, 2024",BRUIN PLATE,Breakfast,"Egg, Mushroom & Kale on W.W. English Muffin",Vegetarian,Contains Wheat,Contains Gluten,Contains dairy,Contains egg,Low Carbon Footprint,,,,,
"March 9, 2024",BRUIN PLATE,Breakfast,Scrambled Egg Whites,Vegetarian,Contains egg,Low Carbon Footprint,,,,,,,,
"March 9, 2024",BRUIN PLATE,Breakfast,Scrambled Eggs,Vegetarian,Contains egg,Low Carbon Footprint,,,,,,,,
"March 9, 2024",BRUIN PLATE,Breakfast,Vegetarianegan Scrambled Eggs,Vegetarianegan,Contains soy,Low Carbon Footprint,,,,,,,,
"March 9, 2024",BRUIN PLATE,Breakfast,"w/
                                    Roasted Red Breakfast Potato Wedges",Vegetarianegan,Low Carbon Footprint,,,,,,,,,
"March 9, 2024",BRUIN PLATE,Breakfast,Waffle,Vegetarian,Contains Wheat,Contains Gluten,Contains soy,Contains dairy,Contains egg,,,,,
"March 9, 2024",BRUIN PLATE,Breakfast,"w/
                                    Maple Syrup",Vegetarianegan,Low Carbon Footprint,,,,,,,,,
"March 9, 2024",BRUIN PLATE,Breakfast,"&
                                    Roasted Beet & Grilled Pineapple Butter",Vegetarianegan,Low Carbon Footprint,,,,,,,,,
"March 9, 2024",BRUIN PLATE,Breakfast,Four Grain Waffles,Vegetarian,Contains Wheat,Contains Gluten,Contains dairy,Contains egg,Low Carbon Footprint,,,,,
"March 9, 2024",BRUIN PLATE,Breakfast,Tri-Color Quinoa Pancake w/ Blueberries,Vegetarian,Contains Wheat,Contains Gluten,Contains dairy,Contains egg,,,,,,
"March 9, 2024",BRUIN PLATE,Breakfast,Blood Oranges,Vegetarianegan,Low Carbon Footprint,,,,,,,,,
"March 9, 2024",BRUIN PLATE,Breakfast,Cantaloupe,Vegetarianegan,Low Carbon Footprint,,,,,,,,,
"March 9, 2024",BRUIN PLATE,Breakfast,Cara Cara Orange,,,,,,,,,,,
"March 9, 2024",BRUIN PLATE,Breakfast,Grapefruit,Vegetarianegan,Low Carbon Footprint,,,,,,,,,
"March 9, 2024",BRUIN PLATE,Breakfast,Green Grapes,Vegetarianegan,Low Carbon Footprint,,,,,,,,,
"March 9, 2024",BRUIN PLATE,Breakfast,Kiwi,Vegetarianegan,Low Carbon Footprint,,,,,,,,,
"March 9, 2024",BRUIN PLATE,Breakfast,Pineapple,Vegetarianegan,Low Carbon Footprint,,,,,,,,,
"March 9, 2024",BRUIN PLATE,Breakfast,Red Grapes,Vegetarianegan,Low Carbon Footprint,,,,,,,,,
"March 9, 2024",BRUIN PLATE,Breakfast,Carrot Walnut Zucchini Bread,Vegetarian,Contains Peanut,Contains tree nuts,Contains Wheat,Contains Gluten,Contains soy,Contains dairy,Contains egg,Contains alcohol,,
"March 9, 2024",BRUIN PLATE,Breakfast,Multi-Grain Bread,Contains Wheat,Contains Gluten,Contains dairy,,,,,,,,
"March 9, 2024",BRUIN PLATE,Breakfast,Raisin Walnut Bread,Vegetarianegan,Contains tree nuts,Contains Wheat,Contains Gluten,Low Carbon Footprint,,,,,,
"March 9, 2024",BRUIN PLATE,Breakfast,Vegetarianegan Apple Quickbread,Vegetarianegan,Contains Peanut,Contains tree nuts,Contains Wheat,Contains Gluten,Contains soy,Contains dairy,Contains egg,Contains alcohol,,
"March 9, 2024",BRUIN PLATE,Breakfast,Whole Wheat Sourdough Bread,Vegetarian,Contains Wheat,Contains Gluten,,,,,,,,
"March 9, 2024",BRUIN PLATE,Breakfast,Almond Cashew Butter,Vegetarianegan,Contains tree nuts,Low Carbon Footprint,,,,,,,,
"March 9, 2024",BRUIN PLATE,Breakfast,Cacao Butter,Vegetarianegan,Contains Peanut,Contains tree nuts,Contains Wheat,Contains Gluten,Contains soy,Contains sesame,Contains dairy,Contains egg,Halal menu option,Low Carbon Footprint
"March 9, 2024",BRUIN PLATE,Breakfast,Chayote & Apple Butter,Vegetarianegan,Low Carbon Footprint,,,,,,,,,
"March 9, 2024",BRUIN PLATE,Breakfast,Chocolate Peanut Butter,Vegetarian,Contains Peanut,Contains tree nuts,Contains Wheat,Contains Gluten,Contains soy,Contains dairy,,,,
"March 9, 2024",BRUIN PLATE,Breakfast,Blueberries,Vegetarianegan,Low Carbon Footprint,,,,,,,,,
"March 9, 2024",BRUIN PLATE,Breakfast,Cottage Cheese,Vegetarian,Contains dairy,,,,,,,,,
"March 9, 2024",BRUIN PLATE,Breakfast,Granola,Vegetarian,Contains Wheat,Contains Gluten,Contains soy,,,,,,,
"March 9, 2024",BRUIN PLATE,Breakfast,Green Grapes,Vegetarianegan,Low Carbon Footprint,,,,,,,,,
"March 9, 2024",BRUIN PLATE,Breakfast,Lowfat Greek Yogurt,Vegetarian,Contains dairy,,,,,,,,,
"March 9, 2024",BRUIN PLATE,Breakfast,Mango,Vegetarianegan,Low Carbon Footprint,,,,,,,,,
"March 9, 2024",BRUIN PLATE,Breakfast,Strawberry Yogurt,Vegetarian,Contains dairy,,,,,,,,,
"March 9, 2024",BRUIN PLATE,Breakfast,Vegetarianegan Coconut Yogurt,Vegetarianegan,Contains tree nuts,Low Carbon Footprint,,,,,,,,
"March 9, 2024",BRUIN PLATE,Breakfast,Raspberry Water,Vegetarianegan,Low Carbon Footprint,,,,,,,,,
"March 9, 2024",BRUIN PLATE,Lunch,Chicken Noodle Soup,Contains Wheat,Contains Gluten,,,,,,,,,
"March 9, 2024",BRUIN PLATE,Lunch,Cream of Tomato Soup,Vegetarian,Contains dairy,Halal menu option,,,,,,,,
"March 9, 2024",BRUIN PLATE,Lunch,Bruin Scramble w/ Ground Turkey,Contains Peanut,Contains tree nuts,Contains Wheat,Contains Gluten,Contains soy,Contains sesame,Contains dairy,Contains egg,Contains shellfish,Contains fish,Contains alcohol
"March 9, 2024",BRUIN PLATE,Lunch,Bruin Scramble (Vegetarianegetarian),Vegetarian,Contains dairy,Contains egg,Low Carbon Footprint,,,,,,,
"March 9, 2024",BRUIN PLATE,Lunch,Crispy Quinoa-Coated Chicken Breast w/ Dandelion Greens,,,,,,,,,,,
"March 9, 2024",BRUIN PLATE,Lunch,"Spinach, Arugula, & White Bean Guacamole Wrap",Vegetarianegan,Contains Wheat,Contains Gluten,Contains soy,Low Carbon Footprint,,,,,,
"March 9, 2024",BRUIN PLATE,Lunch,Brown Calrose Rice,Vegetarianegan,Low Carbon Footprint,,,,,,,,,
"March 9, 2024",BRUIN PLATE,Lunch,De La Olla Beans,Vegetarianegan,Low Carbon Footprint,,,,,,,,,
"March 9, 2024",BRUIN PLATE,Lunch,"Mixed Grains -- Spelt, Wheatberry & Brown Rice",Vegetarianegan,Contains Wheat,Contains Gluten,Low Carbon Footprint,,,,,,,
"March 9, 2024",BRUIN PLATE,Lunch,Black Eyed Peas & Collard Greens,Vegetarianegan,Low Carbon Footprint,,,,,,,,,
"March 9, 2024",BRUIN PLATE,Lunch,Roasted Broccoli,Vegetarianegan,Low Carbon Footprint,,,,,,,,,
"March 9, 2024",BRUIN PLATE,Lunch,"Brisket, Caramelized Onion, & Salsify Pizza",Contains Wheat,Contains Gluten,Contains dairy,High Carbon Footprint,,,,,,,
"March 9, 2024",BRUIN PLATE,Lunch,"Roasted Beet, Caramelized Onion & Blue Cheese Pizza",Vegetarian,Contains tree nuts,Contains Wheat,Contains Gluten,Contains dairy,,,,,,
"March 9, 2024",BRUIN PLATE,Lunch,Sage Marinated Grilled Chicken Thigh,,,,,,,,,,,
"March 9, 2024",BRUIN PLATE,Lunch,Falafel Stacker,Vegetarian,Contains Wheat,Contains Gluten,Contains soy,Contains dairy,Contains egg,,,,,
"March 9, 2024",BRUIN PLATE,Lunch,Baked Purple Potato,Vegetarianegan,Low Carbon Footprint,,,,,,,,,
"March 9, 2024",BRUIN PLATE,Lunch,Blood Oranges,Vegetarianegan,Low Carbon Footprint,,,,,,,,,
"March 9, 2024",BRUIN PLATE,Lunch,Cantaloupe,Vegetarianegan,Low Carbon Footprint,,,,,,,,,
"March 9, 2024",BRUIN PLATE,Lunch,Cara Cara Orange,,,,,,,,,,,
"March 9, 2024",BRUIN PLATE,Lunch,Green Grapes,Vegetarianegan,Low Carbon Footprint,,,,,,,,,
"March 9, 2024",BRUIN PLATE,Lunch,Kiwi,Vegetarianegan,Low Carbon Footprint,,,,,,,,,
"March 9, 2024",BRUIN PLATE,Lunch,Pineapple,Vegetarianegan,Low Carbon Footprint,,,,,,,,,
"March 9, 2024",BRUIN PLATE,Lunch,Red Grapes,Vegetarianegan,Low Carbon Footprint,,,,,,,,,
"March 9, 2024",BRUIN PLATE,Lunch,Carrot Walnut Zucchini Bread,Vegetarian,Contains Peanut,Contains tree nuts,Contains Wheat,Contains Gluten,Contains soy,Contains dairy,Contains egg,Contains alcohol,,
"March 9, 2024",BRUIN PLATE,Lunch,Ginger Bar,Vegetarian,Contains Peanut,Contains tree nuts,Contains Wheat,Contains Gluten,Contains soy,Contains dairy,Contains egg,Contains alcohol,,
"March 9, 2024",BRUIN PLATE,Lunch,Multi-Grain Bread,Contains Wheat,Contains Gluten,Contains dairy,,,,,,,,
"March 9, 2024",BRUIN PLATE,Lunch,Raisin Walnut Bread,Vegetarianegan,Contains tree nuts,Contains Wheat,Contains Gluten,Low Carbon Footprint,,,,,,
"March 9, 2024",BRUIN PLATE,Lunch,Vegetarianegan Apple Quickbread,Vegetarianegan,Contains Peanut,Contains tree nuts,Contains Wheat,Contains Gluten,Contains soy,Contains dairy,Contains egg,Contains alcohol,,
"March 9, 2024",BRUIN PLATE,Lunch,Whole Wheat Sourdough Bread,Vegetarian,Contains Wheat,Contains Gluten,,,,,,,,
"March 9, 2024",BRUIN PLATE,Lunch,Almond Cashew Butter,Vegetarianegan,Contains tree nuts,Low Carbon Footprint,,,,,,,,
"March 9, 2024",BRUIN PLATE,Lunch,Cacao Butter,Vegetarianegan,Contains Peanut,Contains tree nuts,Contains Wheat,Contains Gluten,Contains soy,Contains sesame,Contains dairy,Contains egg,Halal menu option,Low Carbon Footprint
"March 9, 2024",BRUIN PLATE,Lunch,Chayote & Apple Butter,Vegetarianegan,Low Carbon Footprint,,,,,,,,,
"March 9, 2024",BRUIN PLATE,Lunch,Chocolate Peanut Butter,Vegetarian,Contains Peanut,Contains tree nuts,Contains Wheat,Contains Gluten,Contains soy,Contains dairy,,,,
"March 9, 2024",BRUIN PLATE,Lunch,Fig Compote,Vegetarianegan,Contains Peanut,Contains tree nuts,Low Carbon Footprint,,,,,,,
"March 9, 2024",BRUIN PLATE,Lunch,Blueberries,Vegetarianegan,Low Carbon Footprint,,,,,,,,,
"March 9, 2024",BRUIN PLATE,Lunch,Granola,Vegetarian,Contains Wheat,Contains Gluten,Contains soy,,,,,,,
"March 9, 2024",BRUIN PLATE,Lunch,Lowfat Greek Yogurt,Vegetarian,Contains dairy,,,,,,,,,
"March 9, 2024",BRUIN PLATE,Lunch,Mango,Vegetarianegan,Low Carbon Footprint,,,,,,,,,
"March 9, 2024",BRUIN PLATE,Lunch,Vegetarianegan Coconut Yogurt,Vegetarianegan,Contains tree nuts,Low Carbon Footprint,,,,,,,,
"March 9, 2024",BRUIN PLATE,Lunch,Raspberry Water,Vegetarianegan,Low Carbon Footprint,,,,,,,,,
"March 9, 2024",BRUIN PLATE,Dinner,Chicken Noodle Soup,Contains Wheat,Contains Gluten,,,,,,,,,
"March 9, 2024",BRUIN PLATE,Dinner,Cream of Tomato Soup,Vegetarian,Contains dairy,Halal menu option,,,,,,,,
"March 9, 2024",BRUIN PLATE,Dinner,Mahi Mahi w/ Pickled Vegetarianegetables,Contains fish,,,,,,,,,,
"March 9, 2024",BRUIN PLATE,Dinner,"Honey-Glazed Tempeh, Tri Color Quinoa & Collard Greens",Vegetarian,Contains Wheat,Contains Gluten,Contains soy,,,,,,,
"March 9, 2024",BRUIN PLATE,Dinner,Roasted South Carolina Style Mustard BBQ Chicken,Contains Wheat,Contains Gluten,Contains soy,Contains alcohol,,,,,,,
"March 9, 2024",BRUIN PLATE,Dinner,"w/
                                    Warm Potato Salad",Vegetarianegan,Low Carbon Footprint,,,,,,,,,
"March 9, 2024",BRUIN PLATE,Dinner,"Wheat Berry, Apricot & Arugula Salad",Vegetarianegan,Contains Peanut,Contains tree nuts,Contains Wheat,Contains Gluten,Low Carbon Footprint,,,,,
"March 9, 2024",BRUIN PLATE,Dinner,Brown Calrose Rice,Vegetarianegan,Low Carbon Footprint,,,,,,,,,
"March 9, 2024",BRUIN PLATE,Dinner,De La Olla Beans,Vegetarianegan,Low Carbon Footprint,,,,,,,,,
"March 9, 2024",BRUIN PLATE,Dinner,Wheat Berry,Vegetarianegan,Contains Wheat,Contains Gluten,Low Carbon Footprint,,,,,,,
"March 9, 2024",BRUIN PLATE,Dinner,Roasted Gold & Red Beets,Vegetarianegan,Low Carbon Footprint,,,,,,,,,
"March 9, 2024",BRUIN PLATE,Dinner,Sauteed Kale,Vegetarianegan,Low Carbon Footprint,,,,,,,,,
"March 9, 2024",BRUIN PLATE,Dinner,Mojo-Marinated Grilled Pork Tenderloin,,,,,,,,,,,
"March 9, 2024",BRUIN PLATE,Dinner,Mojo-Marinated Grilled Tofu,Vegetarianegan,Contains soy,Low Carbon Footprint,,,,,,,,
"March 9, 2024",BRUIN PLATE,Dinner,Baked Russet Potato,Vegetarianegan,Low Carbon Footprint,,,,,,,,,
"March 9, 2024",BRUIN PLATE,Dinner,Blood Oranges,Vegetarianegan,Low Carbon Footprint,,,,,,,,,
"March 9, 2024",BRUIN PLATE,Dinner,Cantaloupe,Vegetarianegan,Low Carbon Footprint,,,,,,,,,
"March 9, 2024",BRUIN PLATE,Dinner,Cara Cara Orange,,,,,,,,,,,
"March 9, 2024",BRUIN PLATE,Dinner,Kiwi,Vegetarianegan,Low Carbon Footprint,,,,,,,,,
"March 9, 2024",BRUIN PLATE,Dinner,Pineapple,Vegetarianegan,Low Carbon Footprint,,,,,,,,,
"March 9, 2024",BRUIN PLATE,Dinner,Red Grapes,Vegetarianegan,Low Carbon Footprint,,,,,,,,,
"March 9, 2024",BRUIN PLATE,Dinner,Carrot Walnut Zucchini Bread,Vegetarian,Contains Peanut,Contains tree nuts,Contains Wheat,Contains Gluten,Contains soy,Contains dairy,Contains egg,Contains alcohol,,
"March 9, 2024",BRUIN PLATE,Dinner,Ginger Bar,Vegetarian,Contains Peanut,Contains tree nuts,Contains Wheat,Contains Gluten,Contains soy,Contains dairy,Contains egg,Contains alcohol,,
"March 9, 2024",BRUIN PLATE,Dinner,Multi-Grain Bread,Contains Wheat,Contains Gluten,Contains dairy,,,,,,,,
"March 9, 2024",BRUIN PLATE,Dinner,Raisin Walnut Bread,Vegetarianegan,Contains tree nuts,Contains Wheat,Contains Gluten,Low Carbon Footprint,,,,,,
"March 9, 2024",BRUIN PLATE,Dinner,Vegetarianegan Apple Quickbread,Vegetarianegan,Contains Peanut,Contains tree nuts,Contains Wheat,Contains Gluten,Contains soy,Contains dairy,Contains egg,Contains alcohol,,
"March 9, 2024",BRUIN PLATE,Dinner,Vegetarianegan Tiramisu,Vegetarianegan,Contains Peanut,Contains tree nuts,Contains Wheat,Contains Gluten,Contains soy,Contains sesame,Contains dairy,Contains egg,Contains alcohol,Low Carbon Footprint
"March 9, 2024",BRUIN PLATE,Dinner,Whole Wheat Sourdough Bread,Vegetarian,Contains Wheat,Contains Gluten,,,,,,,,
"March 9, 2024",BRUIN PLATE,Dinner,Almond Cashew Butter,Vegetarianegan,Contains tree nuts,Low Carbon Footprint,,,,,,,,
"March 9, 2024",BRUIN PLATE,Dinner,Cacao Butter,Vegetarianegan,Contains Peanut,Contains tree nuts,Contains Wheat,Contains Gluten,Contains soy,Contains sesame,Contains dairy,Contains egg,Halal menu option,Low Carbon Footprint
"March 9, 2024",BRUIN PLATE,Dinner,Chayote & Apple Butter,Vegetarianegan,Low Carbon Footprint,,,,,,,,,
"March 9, 2024",BRUIN PLATE,Dinner,Chocolate Peanut Butter,Vegetarian,Contains Peanut,Contains tree nuts,Contains Wheat,Contains Gluten,Contains soy,Contains dairy,,,,
"March 9, 2024",BRUIN PLATE,Dinner,Fig Compote,Vegetarianegan,Contains Peanut,Contains tree nuts,Low Carbon Footprint,,,,,,,
"March 9, 2024",BRUIN PLATE,Dinner,Blueberries,Vegetarianegan,Low Carbon Footprint,,,,,,,,,
"March 9, 2024",BRUIN PLATE,Dinner,Granola,Vegetarian,Contains Wheat,Contains Gluten,Contains soy,,,,,,,
"March 9, 2024",BRUIN PLATE,Dinner,Lowfat Greek Yogurt,Vegetarian,Contains dairy,,,,,,,,,
"March 9, 2024",BRUIN PLATE,Dinner,Mango,Vegetarianegan,Low Carbon Footprint,,,,,,,,,
"March 9, 2024",BRUIN PLATE,Dinner,Vegetarianegan Coconut Yogurt,Vegetarianegan,Contains tree nuts,Low Carbon Footprint,,,,,,,,
"March 9, 2024",BRUIN PLATE,Dinner,NaVegetarianel Orange Water,Vegetarianegan,Low Carbon Footprint,,,,,,,,,
"March 9, 2024",DE NEVegetarianE,Breakfast,Grits,Vegetarianegan,Low Carbon Footprint,,,,,,,,,
"March 9, 2024",DE NEVegetarianE,Breakfast,Oatmeal,Vegetarianegan,Contains Gluten,Low Carbon Footprint,,,,,,,,
"March 9, 2024",DE NEVegetarianE,Breakfast,Breakfast Hash Brown,Vegetarianegan,Contains soy,Low Carbon Footprint,,,,,,,,
"March 9, 2024",DE NEVegetarianE,Breakfast,Fried Eggs,Vegetarian,Contains egg,Low Carbon Footprint,,,,,,,,
"March 9, 2024",DE NEVegetarianE,Breakfast,Pork Sausage,,,,,,,,,,,
"March 9, 2024",DE NEVegetarianE,Breakfast,Scrambled Eggs,Vegetarian,Contains egg,Low Carbon Footprint,,,,,,,,
"March 9, 2024",DE NEVegetarianE,Breakfast,Belgian Waffle,Vegetarian,Contains Wheat,Contains Gluten,Contains soy,Contains dairy,,,,,,
"March 9, 2024",DE NEVegetarianE,Breakfast,"w/
                                    Maple Syrup",,,,,,,,,,,
"March 9, 2024",DE NEVegetarianE,Breakfast,Chocolate Muffin,Vegetarian,Contains Wheat,Contains Gluten,Contains soy,Contains dairy,Contains egg,,,,,
"March 9, 2024",DE NEVegetarianE,Breakfast,Glazed Donut,Vegetarian,Contains Wheat,Contains Gluten,Contains soy,Contains dairy,Contains egg,,,,,
"March 9, 2024",DE NEVegetarianE,Breakfast,Maple Pecan Danish,Vegetarian,Contains tree nuts,Contains Wheat,Contains Gluten,Contains dairy,Contains egg,,,,,
"March 9, 2024",DE NEVegetarianE,Breakfast,Mini Croissant,Vegetarian,Contains tree nuts,Contains Wheat,Contains Gluten,Contains soy,Contains sesame,Contains dairy,Contains egg,,,
"March 9, 2024",DE NEVegetarianE,Lunch,Garbanzo Picadillo,Vegetarianegan,Low Carbon Footprint,,,,,,,,,
"March 9, 2024",DE NEVegetarianE,Lunch,Garlic Rice,Vegetarianegan,Halal menu option,Low Carbon Footprint,,,,,,,,
"March 9, 2024",DE NEVegetarianE,Lunch,Honey Lime Chicken Thighs,Contains Wheat,Contains Gluten,Contains soy,,,,,,,,
"March 9, 2024",DE NEVegetarianE,Lunch,Roasted Brussels Sprouts,Vegetarianegan,Low Carbon Footprint,,,,,,,,,
"March 9, 2024",DE NEVegetarianE,Lunch,Roasted Cauliflower,Vegetarianegan,Low Carbon Footprint,,,,,,,,,
"March 9, 2024",DE NEVegetarianE,Lunch,California Pasta Salad,Vegetarian,Contains Wheat,Contains Gluten,Contains egg,Contains alcohol,Low Carbon Footprint,,,,,
"March 9, 2024",DE NEVegetarianE,Lunch,Cantaloupe,Vegetarianegan,Low Carbon Footprint,,,,,,,,,
"March 9, 2024",DE NEVegetarianE,Lunch,Charred Cruciferous Salad w/ Cotija Cheese & Almonds,Contains tree nuts,Contains dairy,,,,,,,,,
"March 9, 2024",DE NEVegetarianE,Lunch,Country Potato Salad,Vegetarian,Contains soy,Contains egg,,,,,,,,
"March 9, 2024",DE NEVegetarianE,Lunch,Pineapple,Vegetarianegan,Low Carbon Footprint,,,,,,,,,
"March 9, 2024",DE NEVegetarianE,Lunch,Watermelon,Vegetarianegan,Low Carbon Footprint,,,,,,,,,
"March 9, 2024",DE NEVegetarianE,Lunch,Corn & Leek Soup,Vegetarianegan,Contains Wheat,Contains Gluten,Low Carbon Footprint,,,,,,,
"March 9, 2024",DE NEVegetarianE,Lunch,Split Pea Soup with Ham,Contains Wheat,Contains Gluten,Contains soy,Contains sesame,,,,,,,
"March 9, 2024",DE NEVegetarianE,Lunch,Grilled Hot Links,,,,,,,,,,,
"March 9, 2024",DE NEVegetarianE,Lunch,Scrambled Eggs,Vegetarian,Contains egg,Low Carbon Footprint,,,,,,,,
"March 9, 2024",DE NEVegetarianE,Lunch,"w/
                                    Potatoes O'Brien",Vegetarianegan,Contains soy,Low Carbon Footprint,,,,,,,,
"March 9, 2024",DE NEVegetarianE,Lunch,Fried Eggs,Vegetarian,Contains egg,Low Carbon Footprint,,,,,,,,
"March 9, 2024",DE NEVegetarianE,Lunch,Shrimp Scampi Pizza,Contains Wheat,Contains Gluten,Contains dairy,Contains shellfish,,,,,,,
"March 9, 2024",DE NEVegetarianE,Lunch,Cheese Pizza,Vegetarian,Contains Wheat,Contains Gluten,Contains dairy,,,,,,,
"March 9, 2024",DE NEVegetarianE,Lunch,Pepperoni Pizza,Contains Wheat,Contains Gluten,Contains dairy,,,,,,,,
"March 9, 2024",DE NEVegetarianE,Lunch,Breakfast Slam Burger,Contains Wheat,Contains Gluten,Contains soy,Contains dairy,Contains egg,Contains fish,,,,,
"March 9, 2024",DE NEVegetarianE,Lunch,D.F.C.,Contains Wheat,Contains Gluten,Contains soy,Contains dairy,Contains egg,,,,,,
"March 9, 2024",DE NEVegetarianE,Lunch,Bruin Burger,Contains Wheat,Contains Gluten,Contains soy,Contains dairy,Contains egg,Halal menu option,High Carbon Footprint,,,,
"March 9, 2024",DE NEVegetarianE,Lunch,Bruin Cheeseburger,Contains Wheat,Contains Gluten,Contains soy,Contains dairy,Contains egg,Halal menu option,High Carbon Footprint,,,,
"March 9, 2024",DE NEVegetarianE,Lunch,Impossible Burger,Vegetarian,Contains tree nuts,Contains Wheat,Contains Gluten,Contains soy,Contains dairy,Contains egg,Low Carbon Footprint,,,
"March 9, 2024",DE NEVegetarianE,Lunch,LA Hot Chicken Sandwich,Contains Wheat,Contains Gluten,Contains soy,Contains dairy,Contains egg,,,,,,
"March 9, 2024",DE NEVegetarianE,Lunch,Banana Cream Pie,Vegetarian,Contains Peanut,Contains tree nuts,Contains Wheat,Contains Gluten,Contains soy,Contains dairy,Contains egg,Contains alcohol,,
"March 9, 2024",DE NEVegetarianE,Lunch,Deep Dish Blackout Cake,Vegetarian,Contains Peanut,Contains tree nuts,Contains Wheat,Contains Gluten,Contains soy,Contains sesame,Contains dairy,Contains egg,,
"March 9, 2024",DE NEVegetarianE,Lunch,Double Chocolate Cookie,Vegetarianegan,Contains Peanut,Contains tree nuts,Contains Wheat,Contains Gluten,Contains soy,Contains sesame,Contains dairy,Contains egg,Contains alcohol,Low Carbon Footprint
"March 9, 2024",DE NEVegetarianE,Lunch,Red VegetarianelVegetarianet Cupcake,Vegetarian,Contains Peanut,Contains tree nuts,Contains Wheat,Contains Gluten,Contains soy,Contains sesame,Contains dairy,Contains egg,Contains alcohol,
"March 9, 2024",DE NEVegetarianE,Lunch,Vegetarianegan Blackberry Peach Crisp,Vegetarianegan,Contains Gluten,Contains soy,Low Carbon Footprint,,,,,,,
"March 9, 2024",DE NEVegetarianE,Dinner,Garbanzo Picadillo,Vegetarianegan,Low Carbon Footprint,,,,,,,,,
"March 9, 2024",DE NEVegetarianE,Dinner,Garlic Rice,Vegetarianegan,Halal menu option,Low Carbon Footprint,,,,,,,,
"March 9, 2024",DE NEVegetarianE,Dinner,Honey Lime Chicken Thighs,Contains Wheat,Contains Gluten,Contains soy,,,,,,,,
"March 9, 2024",DE NEVegetarianE,Dinner,Roasted Brussels Sprouts,Vegetarianegan,Low Carbon Footprint,,,,,,,,,
"March 9, 2024",DE NEVegetarianE,Dinner,Roasted Cauliflower,Vegetarianegan,Low Carbon Footprint,,,,,,,,,
"March 9, 2024",DE NEVegetarianE,Dinner,California Pasta Salad,Vegetarian,Contains Wheat,Contains Gluten,Contains egg,Contains alcohol,Low Carbon Footprint,,,,,
"March 9, 2024",DE NEVegetarianE,Dinner,Cantaloupe,Vegetarianegan,Low Carbon Footprint,,,,,,,,,
"March 9, 2024",DE NEVegetarianE,Dinner,Charred Cruciferous Salad w/ Cotija Cheese & Almonds,Contains tree nuts,Contains dairy,,,,,,,,,
"March 9, 2024",DE NEVegetarianE,Dinner,Country Potato Salad,Vegetarian,Contains soy,Contains egg,,,,,,,,
"March 9, 2024",DE NEVegetarianE,Dinner,Pineapple,Vegetarianegan,Low Carbon Footprint,,,,,,,,,
"March 9, 2024",DE NEVegetarianE,Dinner,Watermelon,Vegetarianegan,Low Carbon Footprint,,,,,,,,,
"March 9, 2024",DE NEVegetarianE,Dinner,Corn & Leek Soup,Vegetarianegan,Contains Wheat,Contains Gluten,Low Carbon Footprint,,,,,,,
"March 9, 2024",DE NEVegetarianE,Dinner,Split Pea Soup with Ham,Contains Wheat,Contains Gluten,Contains soy,Contains sesame,,,,,,,
"March 9, 2024",DE NEVegetarianE,Dinner,Pancakes,Vegetarian,Contains tree nuts,Contains Wheat,Contains Gluten,Contains soy,Contains dairy,Contains egg,,,,
"March 9, 2024",DE NEVegetarianE,Dinner,Chipotle Chilaquiles,Vegetarian,Contains dairy,,,,,,,,,
"March 9, 2024",DE NEVegetarianE,Dinner,Shrimp Scampi Pizza,Contains Wheat,Contains Gluten,Contains dairy,Contains shellfish,,,,,,,
"March 9, 2024",DE NEVegetarianE,Dinner,Cheese Pizza,Vegetarian,Contains Wheat,Contains Gluten,Contains dairy,,,,,,,
"March 9, 2024",DE NEVegetarianE,Dinner,Pepperoni Pizza,Contains Wheat,Contains Gluten,Contains dairy,,,,,,,,
"March 9, 2024",DE NEVegetarianE,Dinner,Breakfast Slam Burger,Contains Wheat,Contains Gluten,Contains soy,Contains dairy,Contains egg,Contains fish,,,,,
"March 9, 2024",DE NEVegetarianE,Dinner,D.F.C.,Contains Wheat,Contains Gluten,Contains soy,Contains dairy,Contains egg,,,,,,
"March 9, 2024",DE NEVegetarianE,Dinner,Bruin Burger,Contains Wheat,Contains Gluten,Contains soy,Contains dairy,Contains egg,Halal menu option,High Carbon Footprint,,,,
"March 9, 2024",DE NEVegetarianE,Dinner,Bruin Cheeseburger,Contains Wheat,Contains Gluten,Contains soy,Contains dairy,Contains egg,Halal menu option,High Carbon Footprint,,,,
"March 9, 2024",DE NEVegetarianE,Dinner,Impossible Burger,Vegetarian,Contains tree nuts,Contains Wheat,Contains Gluten,Contains soy,Contains dairy,Contains egg,Low Carbon Footprint,,,
"March 9, 2024",DE NEVegetarianE,Dinner,LA Hot Chicken Sandwich,Contains Wheat,Contains Gluten,Contains soy,Contains dairy,Contains egg,,,,,,
"March 9, 2024",DE NEVegetarianE,Dinner,Banana Cream Pie,Vegetarian,Contains Peanut,Contains tree nuts,Contains Wheat,Contains Gluten,Contains soy,Contains dairy,Contains egg,Contains alcohol,,
"March 9, 2024",DE NEVegetarianE,Dinner,Deep Dish Blackout Cake,Vegetarian,Contains Peanut,Contains tree nuts,Contains Wheat,Contains Gluten,Contains soy,Contains sesame,Contains dairy,Contains egg,,
"March 9, 2024",DE NEVegetarianE,Dinner,Double Chocolate Cookie,Vegetarianegan,Contains Peanut,Contains tree nuts,Contains Wheat,Contains Gluten,Contains soy,Contains sesame,Contains dairy,Contains egg,Contains alcohol,Low Carbon Footprint
"March 9, 2024",DE NEVegetarianE,Dinner,Red VegetarianelVegetarianet Cupcake,Vegetarian,Contains Peanut,Contains tree nuts,Contains Wheat,Contains Gluten,Contains soy,Contains sesame,Contains dairy,Contains egg,Contains alcohol,
"March 8, 2024",DE NEVegetarianE,Breakfast,Cantaloupe,Vegetarianegan,Low Carbon Footprint,,,,,,,,,
"March 8, 2024",DE NEVegetarianE,Breakfast,Honeydew Melon,Vegetarianegan,Low Carbon Footprint,,,,,,,,,
"March 8, 2024",DE NEVegetarianE,Breakfast,Watermelon,Vegetarianegan,Low Carbon Footprint,,,,,,,,,
"March 8, 2024",DE NEVegetarianE,Breakfast,Cream of Rice,Vegetarianegan,Low Carbon Footprint,,,,,,,,,
"March 8, 2024",DE NEVegetarianE,Breakfast,Oatmeal,Vegetarianegan,Contains Gluten,Low Carbon Footprint,,,,,,,,
"March 8, 2024",DE NEVegetarianE,Breakfast,Ham & Cheese Omelet,Contains dairy,Contains egg,Low Carbon Footprint,,,,,,,,
"March 8, 2024",DE NEVegetarianE,Breakfast,"w/
                                    Cheese Omelet",Contains dairy,Contains egg,Low Carbon Footprint,,,,,,,,
"March 8, 2024",DE NEVegetarianE,Breakfast,Breakfast Hash Brown,Vegetarianegan,Contains soy,Low Carbon Footprint,,,,,,,,
"March 8, 2024",DE NEVegetarianE,Breakfast,Fried Eggs,Vegetarian,Contains egg,Low Carbon Footprint,,,,,,,,
"March 8, 2024",DE NEVegetarianE,Breakfast,Pork Sausage,,,,,,,,,,,
"March 8, 2024",DE NEVegetarianE,Breakfast,Scrambled Eggs,Vegetarian,Contains egg,Low Carbon Footprint,,,,,,,,
"March 8, 2024",DE NEVegetarianE,Breakfast,Belgian Waffle,Vegetarian,Contains Wheat,Contains Gluten,Contains soy,Contains dairy,,,,,,
"March 8, 2024",DE NEVegetarianE,Breakfast,"w/
                                    Maple Syrup",,,,,,,,,,,
"March 8, 2024",DE NEVegetarianE,Breakfast,Smoked Salmon Egg Benedict,Contains Wheat,Contains Gluten,Contains soy,Contains dairy,Contains egg,Contains fish,Low Carbon Footprint,,,,
"March 8, 2024",DE NEVegetarianE,Breakfast,Bodega Egg & Bacon Roll,Contains Wheat,Contains Gluten,Contains soy,Contains sesame,Contains dairy,Contains egg,,,,,
"March 8, 2024",DE NEVegetarianE,Breakfast,Tator Tots,Vegetarianegan,Low Carbon Footprint,,,,,,,,,
"March 8, 2024",DE NEVegetarianE,Breakfast,Chocolate Chip Scone,Vegetarian,Contains Wheat,Contains Gluten,Contains soy,Contains dairy,Contains egg,,,,,
"March 8, 2024",DE NEVegetarianE,Breakfast,Cinnamon Streusel Coffee Cake,Vegetarian,Contains tree nuts,Contains Wheat,Contains Gluten,Contains soy,Contains sesame,Contains dairy,Contains egg,,,
"March 8, 2024",DE NEVegetarianE,Breakfast,Jelly Donut,Contains Wheat,Contains Gluten,Contains soy,Contains dairy,Contains egg,,,,,,
"March 8, 2024",DE NEVegetarianE,Breakfast,Mini Croissant,Vegetarian,Contains tree nuts,Contains Wheat,Contains Gluten,Contains soy,Contains sesame,Contains dairy,Contains egg,,,
"March 8, 2024",DE NEVegetarianE,Lunch,Boston Baked Lentils,Contains Wheat,Contains Gluten,Contains soy,,,,,,,,
"March 8, 2024",DE NEVegetarianE,Lunch,Quinoa Pilaf,Vegetarianegan,Low Carbon Footprint,,,,,,,,,
"March 8, 2024",DE NEVegetarianE,Lunch,Fresh Herb Marinated Grilled Chicken Thigh,,,,,,,,,,,
"March 8, 2024",DE NEVegetarianE,Lunch,OVegetarianen Roasted Herb Potatoes,Vegetarianegan,Low Carbon Footprint,,,,,,,,,
"March 8, 2024",DE NEVegetarianE,Lunch,Pan Roasted Mushrooms w/ Onions,Vegetarianegan,Low Carbon Footprint,,,,,,,,,
"March 8, 2024",DE NEVegetarianE,Lunch,California Pasta Salad,Vegetarian,Contains Wheat,Contains Gluten,Contains egg,Contains alcohol,Low Carbon Footprint,,,,,
"March 8, 2024",DE NEVegetarianE,Lunch,Cantaloupe,Vegetarianegan,Low Carbon Footprint,,,,,,,,,
"March 8, 2024",DE NEVegetarianE,Lunch,Charred Cruciferous Salad w/ Cotija Cheese & Almonds,Contains tree nuts,Contains dairy,,,,,,,,,
"March 8, 2024",DE NEVegetarianE,Lunch,Country Potato Salad,Vegetarian,Contains soy,Contains egg,,,,,,,,
"March 8, 2024",DE NEVegetarianE,Lunch,Pineapple,Vegetarianegan,Low Carbon Footprint,,,,,,,,,
"March 8, 2024",DE NEVegetarianE,Lunch,Watermelon,Vegetarianegan,Low Carbon Footprint,,,,,,,,,
"March 8, 2024",DE NEVegetarianE,Lunch,Boston Clam Chowder,Contains Wheat,Contains Gluten,Contains dairy,,,,,,,,
"March 8, 2024",DE NEVegetarianE,Lunch,Broccoli Cheddar Soup,Vegetarian,Contains Wheat,Contains Gluten,Contains soy,Contains sesame,Contains dairy,,,,,
"March 8, 2024",DE NEVegetarianE,Lunch,Buffalo Chicken Wings,Contains dairy,,,,,,,,,,
"March 8, 2024",DE NEVegetarianE,Lunch,"w/
                                    Carrot Sticks",Vegetarianegan,Low Carbon Footprint,,,,,,,,,
"March 8, 2024",DE NEVegetarianE,Lunch,"&
                                    Celery Sticks",Vegetarianegan,Low Carbon Footprint,,,,,,,,,
"March 8, 2024",DE NEVegetarianE,Lunch,"&
                                    Ranch Dressing",Vegetarian,Contains soy,Contains dairy,Contains egg,,,,,,,
"March 8, 2024",DE NEVegetarianE,Lunch,Vegetarianegan Chick'n Fingers,Vegetarianegan,Contains tree nuts,Contains Wheat,Contains Gluten,Contains soy,Contains sesame,Contains dairy,Contains egg,Contains shellfish,Contains fish,Low Carbon Footprint
"March 8, 2024",DE NEVegetarianE,Lunch,New HaVegetarianen-Style White Clam Pizza,Contains Wheat,Contains Gluten,Contains dairy,,,,,,,,
"March 8, 2024",DE NEVegetarianE,Lunch,Three Cheese & Tomato Pizza,Vegetarian,Contains Wheat,Contains Gluten,Contains dairy,,,,,,,
"March 8, 2024",DE NEVegetarianE,Lunch,Pepperoni Deluxe Pizza,Contains Wheat,Contains Gluten,Contains dairy,,,,,,,,
"March 8, 2024",DE NEVegetarianE,Lunch,Chili Cheese Burger,Contains Peanut,Contains tree nuts,Contains Wheat,Contains Gluten,Contains soy,Contains sesame,Contains dairy,Contains egg,High Carbon Footprint,,
"March 8, 2024",DE NEVegetarianE,Lunch,Buffalo Bleu Chicken Sandwich,Contains Wheat,Contains Gluten,Contains soy,Contains dairy,Contains egg,,,,,,
"March 8, 2024",DE NEVegetarianE,Lunch,Bruin Burger,Contains Wheat,Contains Gluten,Contains soy,Contains dairy,Contains egg,Halal menu option,High Carbon Footprint,,,,
"March 8, 2024",DE NEVegetarianE,Lunch,Bruin Cheeseburger,Contains Wheat,Contains Gluten,Contains soy,Contains dairy,Contains egg,Halal menu option,High Carbon Footprint,,,,
"March 8, 2024",DE NEVegetarianE,Lunch,Impossible Burger,Vegetarian,Contains tree nuts,Contains Wheat,Contains Gluten,Contains soy,Contains dairy,Contains egg,Low Carbon Footprint,,,
"March 8, 2024",DE NEVegetarianE,Lunch,LA Hot Chicken Sandwich,Contains Wheat,Contains Gluten,Contains soy,Contains dairy,Contains egg,,,,,,
"March 8, 2024",DE NEVegetarianE,Lunch,Almond Fudge Bar,Vegetarian,Contains tree nuts,Contains Wheat,Contains Gluten,Contains soy,Contains dairy,Contains egg,,,,
"March 8, 2024",DE NEVegetarianE,Lunch,Cherry Almond Crumble Pie,Vegetarian,Contains Wheat,Contains Gluten,Contains soy,Contains dairy,,,,,,
"March 8, 2024",DE NEVegetarianE,Lunch,Sugar Cookies,Vegetarian,Contains Wheat,Contains Gluten,Contains dairy,Contains egg,,,,,,
"March 8, 2024",DE NEVegetarianE,Lunch,Twinkie Cake,Vegetarian,Contains Wheat,Contains Gluten,Contains soy,Contains dairy,Contains egg,,,,,
"March 8, 2024",DE NEVegetarianE,Lunch,Vegetarianegan Mixed Berry Crisp,Vegetarianegan,Contains Gluten,Contains soy,Low Carbon Footprint,,,,,,,
"March 8, 2024",DE NEVegetarianE,Dinner,Boston Baked Lentils,Contains Wheat,Contains Gluten,Contains soy,,,,,,,,
"March 8, 2024",DE NEVegetarianE,Dinner,Quinoa Pilaf,Vegetarianegan,Low Carbon Footprint,,,,,,,,,
"March 8, 2024",DE NEVegetarianE,Dinner,Fresh Herb Marinated Grilled Chicken Thigh,,,,,,,,,,,
"March 8, 2024",DE NEVegetarianE,Dinner,OVegetarianen Roasted Herb Potatoes,Vegetarianegan,Low Carbon Footprint,,,,,,,,,
"March 8, 2024",DE NEVegetarianE,Dinner,Pan Roasted Mushrooms w/ Onions,Vegetarianegan,Low Carbon Footprint,,,,,,,,,
"March 8, 2024",DE NEVegetarianE,Dinner,California Pasta Salad,Vegetarian,Contains Wheat,Contains Gluten,Contains egg,Contains alcohol,Low Carbon Footprint,,,,,
"March 8, 2024",DE NEVegetarianE,Dinner,Cantaloupe,Vegetarianegan,Low Carbon Footprint,,,,,,,,,
"March 8, 2024",DE NEVegetarianE,Dinner,Charred Cruciferous Salad w/ Cotija Cheese & Almonds,Contains tree nuts,Contains dairy,,,,,,,,,
"March 8, 2024",DE NEVegetarianE,Dinner,Country Potato Salad,Vegetarian,Contains soy,Contains egg,,,,,,,,
"March 8, 2024",DE NEVegetarianE,Dinner,Pineapple,Vegetarianegan,Low Carbon Footprint,,,,,,,,,
"March 8, 2024",DE NEVegetarianE,Dinner,Watermelon,Vegetarianegan,Low Carbon Footprint,,,,,,,,,
"March 8, 2024",DE NEVegetarianE,Dinner,Boston Clam Chowder,Contains Wheat,Contains Gluten,Contains dairy,,,,,,,,
"March 8, 2024",DE NEVegetarianE,Dinner,Broccoli Cheddar Soup,Vegetarian,Contains Wheat,Contains Gluten,Contains soy,Contains sesame,Contains dairy,,,,,
"March 8, 2024",DE NEVegetarianE,Dinner,Philly Cheesesteak Sandwich,Contains Wheat,Contains Gluten,Contains soy,Contains dairy,High Carbon Footprint,,,,,,
"March 8, 2024",DE NEVegetarianE,Dinner,House-Made Potato Chippers,Vegetarianegan,Contains soy,Low Carbon Footprint,,,,,,,,
"March 8, 2024",DE NEVegetarianE,Dinner,Vegetarianegetarian Philly Cheese Steak Sandwich,Vegetarian,Contains Wheat,Contains Gluten,Contains soy,Contains dairy,Contains egg,,,,,
"March 8, 2024",DE NEVegetarianE,Dinner,New England Style Clambake,Contains soy,Contains dairy,Contains shellfish,Contains alcohol,,,,,,,
"March 8, 2024",DE NEVegetarianE,Dinner,New England Style Tofu Bake,Vegetarian,Contains soy,Contains dairy,Contains alcohol,,,,,,,
"March 8, 2024",DE NEVegetarianE,Dinner,New HaVegetarianen-Style White Clam Pizza,Contains Wheat,Contains Gluten,Contains dairy,,,,,,,,
"March 8, 2024",DE NEVegetarianE,Dinner,Three Cheese & Tomato Pizza,Vegetarian,Contains Wheat,Contains Gluten,Contains dairy,,,,,,,
"March 8, 2024",DE NEVegetarianE,Dinner,Detroit-Style Pepperoni Pizza,Contains Wheat,Contains Gluten,Contains dairy,,,,,,,,
"March 8, 2024",DE NEVegetarianE,Dinner,Chili Cheese Burger,Contains Peanut,Contains tree nuts,Contains Wheat,Contains Gluten,Contains soy,Contains sesame,Contains dairy,Contains egg,High Carbon Footprint,,
"March 8, 2024",DE NEVegetarianE,Dinner,Buffalo Bleu Chicken Sandwich,Contains Wheat,Contains Gluten,Contains soy,Contains dairy,Contains egg,,,,,,
"March 8, 2024",DE NEVegetarianE,Dinner,Bruin Burger,Contains Wheat,Contains Gluten,Contains soy,Contains dairy,Contains egg,Halal menu option,High Carbon Footprint,,,,
"March 8, 2024",DE NEVegetarianE,Dinner,Bruin Cheeseburger,Contains Wheat,Contains Gluten,Contains soy,Contains dairy,Contains egg,Halal menu option,High Carbon Footprint,,,,
"March 8, 2024",DE NEVegetarianE,Dinner,Impossible Burger,Vegetarian,Contains tree nuts,Contains Wheat,Contains Gluten,Contains soy,Contains dairy,Contains egg,Low Carbon Footprint,,,
"March 8, 2024",DE NEVegetarianE,Dinner,LA Hot Chicken Sandwich,Contains Wheat,Contains Gluten,Contains soy,Contains dairy,Contains egg,,,,,,
"March 8, 2024",DE NEVegetarianE,Dinner,Almond Fudge Bar,Vegetarian,Contains tree nuts,Contains Wheat,Contains Gluten,Contains soy,Contains dairy,Contains egg,,,,
"March 8, 2024",DE NEVegetarianE,Dinner,Cherry Almond Crumble Pie,Vegetarian,Contains Wheat,Contains Gluten,Contains soy,Contains dairy,,,,,,
"March 8, 2024",DE NEVegetarianE,Dinner,Sugar Cookies,Vegetarian,Contains Wheat,Contains Gluten,Contains dairy,Contains egg,,,,,,
"March 8, 2024",DE NEVegetarianE,Dinner,Twinkie Cake,Vegetarian,Contains Wheat,Contains Gluten,Contains soy,Contains dairy,Contains egg,,,,,
"March 8, 2024",DE NEVegetarianE,Dinner,Vegetarianegan Mixed Berry Crisp,Vegetarianegan,Contains Gluten,Contains soy,Low Carbon Footprint,,,,,,,